{"93":{"maxcombo":356,"statistics":{"count_100":16,"count_300":350,"count_50":11,"count_geki":388,"count_katu":58,"count_miss":19},"user_id":3440584,"score_id":331577154,"rank":"A","pp":9.11168},"86.2":{"maxcombo":463,"statistics":{"count_100":55,"count_300":305,"count_50":5,"count_geki":278,"count_katu":186,"count_miss":13},"user_id":29663202,"score_id":525203393,"rank":"B","pp":2.61714},"94.5":{"maxcombo":678,"statistics":{"count_100":8,"count_300":403,"count_50":1,"count_geki":322,"count_katu":102,"count_miss":6},"user_id":26770707,"score_id":458139405,"rank":"A","pp":9.87104}}