{"100":{"maxcombo":1255,"statistics":{"count_100":51,"count_300":1204,"count_50":70,"count_geki":141,"count_katu":0,"count_miss":0},"user_id":158240,"score_id":202171138,"rank":"X","pp":241.746},"98.8":{"maxcombo":724,"statistics":{"count_100":50,"count_300":1193,"count_50":67,"count_geki":132,"count_katu":3,"count_miss":12},"user_id":19423459,"score_id":200334629,"rank":"S","pp":101.461},"97.5":{"maxcombo":228,"statistics":{"count_100":49,"count_300":1175,"count_50":68,"count_geki":123,"count_katu":2,"count_miss":31},"user_id":14114899,"score_id":210099224,"rank":"A","pp":20.9157},"95.1":{"maxcombo":155,"statistics":{"count_100":50,"count_300":1145,"count_50":66,"count_geki":102,"count_katu":4,"count_miss":60},"user_id":12005817,"score_id":210332868,"rank":"A","pp":5.55597},"94.1":{"maxcombo":89,"statistics":{"count_100":49,"count_300":1134,"count_50":64,"count_geki":93,"count_katu":6,"count_miss":72},"user_id":11574707,"score_id":194903882,"rank":"A","pp":2.32595}}